<users>
<user><username>Mugilan</username><email>murugaiyanraja63@gmai.com</email><password_hash>$2b$12$y7nHqR2wa3ycfkwZ.p1gB.3JOoIJ5gOiOvobOdo6SCMahMAM7ko.e</password_hash></user><user><username>111</username><email>murugaiyanraja63@gmai.com</email><password_hash>$2b$12$Y0gs33MLDp8WYG4mGlflDOjG9ZBD9YqI4hzfWgWuvCMDm9dGSmnZ.</password_hash></user><user><username>aaa</username><email>murugaiyanraja63@gmai.com</email><password_hash>$2b$12$Dki4.fBCHv9L/nrZgq2JVOHwYgkbUMTCzqrJaRSRjDd9aAXh1.XeW</password_hash></user><user><username>bbb</username><email>murugaiyanraja63@gmai.com</email><password_hash>$2b$12$7QJVfEH5TZARO8Im/8YvLOg2zRdsvL.5Vfs2hH25rpCZuJhGVD9d6</password_hash></user><user><username>qwe</username><email>murugaiyanraja63@gmai.com</email><password_hash>$2b$12$Y1.GSX0GBlBq1iTYSVKOyujqcQHw8xPsfGZKkmvkCDEGWS8J6Y.lu</password_hash></user><user><username>777</username><email>mugilanmourougayen@gmail.com</email><password_hash>$2b$12$JHo9R7vpS6jnfDf/2dq6X.3Fns49wMNrIoMwDmFNAvdEGr5i5c2rK</password_hash></user><user><username>toshin</username><email>toshi@gmail.com</email><password_hash>$2b$12$KlhiR38B7YVx75rm3zJFU.KNSj2gkUAU.8JQ3.u6iijloQ5JUNK52</password_hash></user><user><username>hello</username><email>hello@epita.fr</email><password_hash>$2b$12$vlcRZMR0JpQ8Y9Yr/f22zuTbtkbGtVctK3aAtVmYzPHuauvgLKJbK</password_hash></user><user><username>pasa</username><email>dd@gmail.com</email><password_hash>$2b$12$WHTVxsre29xWhuT6EcBgae./ib5YV8YIVYncm6xu8adyfpu1NnmE2</password_hash></user></users>